Week,Dates,Status,Milestone,Deliverables_HW,Deliverables_3D,Deliverables_FW,Deliverables_UX,Deliverables_QA
Week 1,16/08 - 22/08/2026,DONE,วางรากฐานระบบ & บลูทูธเบื้องต้น,ร่างโครงสร้างระบบจ่ายไฟ & หน้าสัมผัส,กำหนดขนาดตัวบล็อกให้จับถือถนัดมือ,ถอดรหัสคำสั่ง BLE พื้นฐาน (เดิน/เลี้ยว),ศึกษาหลักสรีรศาสตร์เด็ก & สี/รูปทรง,กำหนดเกณฑ์ความปลอดภัย & กันลัดวงจร
Week 2,23/08 - 29/08/2026,DONE,ถอดรหัสคำสั่งครบวงจร & ระบบจำลอง,วิเคราะห์วงจรชาร์จไฟ & ไฟล์เสียงคำสั่ง,สรุปรายการชิ้นส่วน BOM & ขนาดจริง,ถอดรหัสคำสั่งขั้นสูง 25+ ท่า & ระบบ ACK,วางโฟลว์: เสียบ Dock -> ต่อแม่เหล็ก,ระบบจำลองการสื่อสารทดสอบรับส่งข้อมูล
Week 3,30/08 - 05/09/2026,DONE,โปรแกรมควบคุมหลัก & สรุปรายการ BOM,สรุป BOM: MCU ไฟ RGB จอ แบตเตอรี่,ร่างแบบแท่นยึดอุปกรณ์ทดลองต้นแบบ,โปรแกรม Master: ค้นหา & ต่อหุ่นยนต์,จัดทำแผนภาพสรุปโฟลว์ส่งผ่านคำสั่ง,ฟิลเตอร์ตัดสัญญาณกวนปุ่มหมุน Rotary
Week 4,06/09 - 12/09/2026,IN PROGRESS,ผังวงจรไฟฟ้าครบชุด & โมเดล 3D,ออกแบบวงจร Master Action End Block,ออกแบบ 3D แม่เหล็กกันกลับขั้ว & ท่อนำแสง,ทดสอบส่งคำสั่ง BLE หุ่นยนต์จริง,กราฟิกไอคอนอ่านง่าย แถบสี & ลูกศร,ตรวจความปลอดภัยวงจรชาร์จแบตเตอรี่
Week 5,13/09 - 19/09/2026,SCHEDULED,ออกแบบแผ่น PCB & พิมพ์ 3D ทดสอบ,ออกแบบลายวงจร PCB บล็อกทั้ง 3 แบบ,พิมพ์ 3D เคสทดสอบ: ตรวจความกระชับ & แสง,เฟิร์มแวร์ Action Block: บันทึกค่าลง Flash,ออกแบบสัญลักษณ์ระบุทิศทาง & สเกลหมุน,ชุดทดสอบสื่อสาร: รับมือขั้วสัมผัสหลวม
Week 6,20/09 - 26/09/2026,SCHEDULED,สั่งผลิต PCB & กราฟิกหน้าจอแสดงผล,ตรวจแบบวงจร & สั่งผลิต PCB และซื้อของ,ซื้อแม่เหล็ก N52 พินสปริง Pogo แบตเตอรี่,ระบบแสดงผล OLED: ไอคอน & แถบระดับค่า,ผลิตตัวอย่างสติกเกอร์สัญลักษณ์กันรอย,สเตรสเทสประมวลผลคำสั่ง 100 รอบ
Week 7,27/09 - 03/10/2026,SCHEDULED,🎯 ประเมินผลกลางภาค (Midterm),เตรียมห้องแล็บและเครื่องมือประกอบบอร์ด,พิมพ์เคส 3D ชุดจริงความทนทานสูง 5 บล็อก,State Machine: สลับเมนู & โหมด Dock,ประเมินความโค้งมนไม่บาดมือ & ชัดของจอ,🎯 【ประเมินผลกลางภาค】: ส่งรายงาน & สอบ
Week 8,04/10 - 10/10/2026,SCHEDULED,ประกอบ บัดกรี & ระบบจ่ายไฟ,บัดกรี SMD/THT อุปกรณ์ พิน สวิตช์ จอ,ขัดผิวเคส 3D เรียบเนียน & Dry-fit บอร์ด,โปรแกรมทดสอบ Master: ตรวจจอ & ลูกบิด,ติดสติกเกอร์สัญลักษณ์เคลือบผิวพิเศษ,ทดสอบระบบไฟ: แรงดันไฟเลี้ยง & ตัดชาร์จ
Week 9,11/10 - 17/10/2026,SCHEDULED,แฟลชบอร์ดจริง & แท่น Dock,ตรวจความต่อเนื่องลายวงจร & ความเรียบพิน,ติดตั้งแม่เหล็กเข้าเคสตามแนวขั้วแน่นหนา,แฟลช 4 Action Blocks & ทดสอบผ่าน Dock,แบบประเมินความสะดวกการใช้งาน Usability,ตรวจวัดสัญญาณ Scope พร้อมทดสอบโยกบล็อก
Week 10,18/10 - 24/10/2026,SCHEDULED,🤖 ประกอบครบ 5 บล็อก & สั่งหุ่นยนต์,ติดตั้งแบตเตอรี่ & สวิตช์ Master Block,ประกอบชิ้นส่วนเข้าเคสสมบูรณ์ 5 บล็อก,ครบวงจร: Dock -> ต่อบล็อก -> Run -> สำเร็จ,จัดเซตกล่องบล็อกครบชุด & คู่มือใช้งาน,🤖 ตรวจสอบไฟสถานะตรงจังหวะหุ่นยนต์ 100%
Week 11,25/10 - 31/10/2026,SCHEDULED,Drop Test E-Stop & ซ้อมใหญ่,ตรวจวัดความร้อนต่อเนื่อง & ไฟเลี้ยงรางยาว,Drop Test ตกกระแทก 1 ม.: ไม่แตกหัก,ดึงบล็อกออกฉุกเฉิน (E-Stop): หุ่นหยุดทันที,ตรวจมาตรฐานความปลอดภัยเด็ก: ไร้สารพิษ,ซักซ้อมขั้นตอนทดสอบภาคสนามเสมือนจริง
Week 12,01/11 - 07/11/2026,SCHEDULED,🌟 ทดสอบกับผู้ใช้จริง (Pilot Test),ดูแลฮาร์ดแวร์: แบตเตอรี่ & อะไหล่สำรอง,สังเกตการใช้งานจริง: แม่เหล็ก & ลูกบิด,ตรวจสอบความเสถียร BLE Telemetry สด,กิจกรรมต่อบล็อกทดสอบอิสระ & แบบสอบถาม,🌟 บันทึกเวลาประมวลผล ไฟสถานะ & ปัญหา
Week 13,08/11 - 14/11/2026,SCHEDULED,ปรับปรุงตามฟีดแบ็ก & จูนระบบ,ตรวจสภาพจุดต่อหลังงานหนัก & โหมดประหยัด,ปรับปรุงเคส: ลายกันลื่นลูกบิด & มุมต่อ,จูนลูกบิดให้นิ่ง & คอนทราสต์ไอคอน OLED,วิเคราะห์ผล: คำนวณ SUS Score & กราฟ,รันคำสั่งผสมผสาน 50+ รอบเสถียร 100%
Week 14,15/11 - 21/11/2026,SCHEDULED,🏆 ส่งมอบสมบูรณ์ & สอบป้องกันโครงงาน,รวมเอกสารวิศวกรรม: Schematic PCB BOM,ทำความสะอาดเคส & บรรจุกล่องจัดแสดง,แท็กซอร์สโค้ดสมบูรณ์ Release v1.0.0,เล่มรายงานวิชาการฉบับสมบูรณ์ & สไลด์,🏆 【สอบป้องกันโครงงาน】: วิดีโอสาธิต & สาธิตสด
